<?xml version="1.0" encoding="UTF-8"?>
<beans xmlns="http://www.springframework.org/schema/beans"
	xmlns:xsi="http://www.w3.org/2001/XMLSchema-instance"
	xmlns:context="http://www.springframework.org/schema/context"
	xsi:schemaLocation="http://www.springframework.org/schema/beans http://www.springframework.org/schema/beans/spring-beans-3.2.xsd
	http://www.springframework.org/schema/context http://www.springframework.org/schema/context/spring-context-3.2.xsd"
	default-lazy-init="true">
	
	<bean id="dynamicAct" class="com.jeecms.cms.action.front.DynamicPageAct"/>
	<bean id="tagAct" class="com.jeecms.cms.action.front.TagAct"/>
	<bean id="topicAct" class="com.jeecms.cms.action.front.TopicAct"/>
	<bean id="searchAct" class="com.jeecms.cms.action.front.SearchAct"/>
	<bean id="voteAct" class="com.jeecms.cms.action.front.VoteAct"/>
	<bean id="friendlinkAct" class="com.jeecms.cms.action.front.FriendlinkAct"/>
	
	<bean id="contentCountAct" class="com.jeecms.cms.action.front.ContentCountAct"/>
	<bean id="attachmentAct" class="com.jeecms.cms.action.front.AttachmentAct"/>
	<bean id="commentAct" class="com.jeecms.cms.action.front.CommentAct"/>
	<bean id="guestbookAct" class="com.jeecms.cms.action.front.GuestbookAct"/>
	<bean id="rssAct" class="com.jeecms.cms.action.front.RssAct"/>
	<bean id="csiCustomAct" class="com.jeecms.cms.action.front.CsiCustomAct"/>
	<bean id="advertisingAct" class="com.jeecms.cms.action.front.AdvertisingAct"/>
	
	<bean id="casLoginAct" class="com.jeecms.cms.action.member.CasLoginAct"/>
	<bean id="loginAct" class="com.jeecms.cms.action.member.LoginAct"/>
	<bean id="memberAct" class="com.jeecms.cms.action.member.MemberAct"/>
	<bean id="contributeAct" class="com.jeecms.cms.action.member.ContributeAct"/>
	<bean id="fckAct" class="com.jeecms.cms.action.member.FckAct"/>
	<bean id="ueditorAct" class="com.jeecms.cms.action.member.UeditorAct"/>
	<bean id="registerAct" class="com.jeecms.cms.action.member.RegisterAct"/>
	<bean id="forgotPasswordAct" class="com.jeecms.cms.action.member.ForgotPasswordAct"/>
	<bean id="imageCutAct" class="com.jeecms.cms.action.member.ImageCutAct"/>
	<bean id="imageUploadAct" class="com.jeecms.cms.action.member.ImageUploadAct"/>
	<bean id="commentMemberAct" class="com.jeecms.cms.action.member.CommentMemberAct"/>
	<bean id="guestbookMemberAct" class="com.jeecms.cms.action.member.GuestbookMemberAct"/>
	<bean id="collectionMemberAct" class="com.jeecms.cms.action.member.CollectionMemberAct"/>
	<bean id="messageAct" class="com.jeecms.cms.action.member.MessageAct"/>

	<bean id="siteFlowAct" class="com.jeecms.cms.action.front.CmsSiteFlowAct"/>
	<bean id="resumeAct" class="com.jeecms.cms.action.member.ResumeAct"/>
	<bean id="swfUploadAct" class="com.jeecms.cms.action.member.SwfUploadAct"/>
	<bean id="contentScoreAct" class="com.jeecms.cms.action.front.ContentScoreAct"/>
	<bean id="thirdLoginAct" class="com.jeecms.cms.action.front.ThirdLoginAct"/>
	
</beans>
